{
  "n_samples": 500,
  "n_features": 13,
  "accuracy": 1.0,
  "cfca_bsi": 0.9736,
  "cfca_bsi_std": 0.0088,
  "pfi_bsi": 0.9917,
  "pfi_bsi_std": 0.0068,
  "correlation": 0.7394,
  "nds": 0.2606,
  "hidden_risks_count": 0,
  "hidden_risks": [],
  "cfca_ranking": {
    "Mean_Confidence": 0.15274538053851286,
    "Num_Detections": 0.10557257427176375,
    "Saturation_Score": 0.01955942082735467,
    "Total_Box_Area": 0.016211978011838803,
    "Max_Confidence": 0.016103226771753795,
    "Density_Score": 0.012481025948049503,
    "Min_Confidence": 0.00933554192817149,
    "Mean_Box_Area": 0.007910756510326368,
    "Max_Box_Area": 0.006934796432508543,
    "Class_Entropy": 0.006471892241769334,
    "Num_Cars": 0.0012454222095485122,
    "Num_Pedestrians": 0.0003050785664158563,
    "Num_Cyclists": 0.000181915871243109
  },
  "pfi_ranking": {
    "Mean_Confidence": 0.32599999999999996,
    "Num_Detections": 0.22599999999999998,
    "Min_Confidence": 0.0020000000000000018,
    "Max_Confidence": 0.0,
    "Num_Cars": 0.0,
    "Num_Pedestrians": 0.0,
    "Num_Cyclists": 0.0,
    "Mean_Box_Area": 0.0,
    "Max_Box_Area": 0.0,
    "Total_Box_Area": 0.0,
    "Class_Entropy": 0.0,
    "Density_Score": 0.0,
    "Saturation_Score": 0.0
  },
  "time_cfca": 0.62,
  "time_pfi": 4.19
}