{
  "correlations": [
    0.5,
    0.55,
    0.6,
    0.65,
    0.7,
    0.75,
    0.8,
    0.85,
    0.9,
    0.95
  ],
  "cfca_scores": [
    0.18064030578510457,
    0.1766241525737288,
    0.18212294593402248,
    0.17975383037559647,
    0.17927117252108868,
    0.1807773880146922,
    0.1833439124890953,
    0.1815844570704468,
    0.18089424135931642,
    0.1797370369599376
  ],
  "pfi_scores": [
    0.006519999999999993,
    0.006640000000000002,
    0.0064000000000000055,
    0.009600000000000008,
    0.009159999999999991,
    0.012160000000000015,
    0.00848000000000002,
    0.021079999999999988,
    0.034440000000000005,
    0.02467999999999999
  ]
}